"theme","year_published","total_sales"
"adventure",1908,"230.00"
"adventure",1955,"163.00"
"adventure",1964,"463.00"
"adventure",1971,"91.00"
"adventure",1972,"1191.00"
"adventure",1973,"2762.50"
"adventure",1975,"2295.75"
"adventure",1976,"142.67"
"adventure",1977,"1244.20"
"adventure",1978,"503.75"
"adventure",1979,"2047.75"
"adventure",1980,"512.00"
"adventure",1981,"1035.18"
"adventure",1982,"3484.00"
"adventure",1983,"1114.00"
"adventure",1984,"204.14"
"adventure",1985,"784.36"
"adventure",1986,"720.30"
"adventure",1987,"697.10"
"adventure",1988,"518.00"
"adventure",1989,"2064.73"
"adventure",1990,"832.60"
"adventure",1991,"909.64"
"adventure",1992,"449.33"
"adventure",1993,"492.09"
"adventure",1994,"768.25"
"adventure",1995,"1681.67"
"adventure",1996,"518.20"
"adventure",1997,"163.50"
"adventure",1998,"407.00"
"adventure",1999,"882.25"
"adventure",2000,"3751.43"
"adventure",2001,"905.90"
"adventure",2002,"2119.28"
"adventure",2003,"1559.62"
"adventure",2004,"5707.90"
"adventure",2005,"6450.30"
"adventure",2006,"588.86"
"adventure",2007,"1816.63"
"adventure",2008,"1508.23"
"adventure",2009,"2075.34"
"adventure",2010,"4924.53"
"adventure",2011,"6953.08"
"adventure",2012,"6367.29"
"adventure",2013,"3923.46"
"adventure",2014,"2678.08"
"adventure",2015,"3261.53"
"adventure",2016,"3112.89"
"adventure",2017,"3887.08"
"adventure",2018,"2538.35"
"adventure",2019,"1904.16"
"adventure",2020,"1826.84"
"adventure",2021,"827.66"
"age_of_reason",1972,"579.33"
"age_of_reason",1974,"1754.25"
"age_of_reason",1975,"940.50"
"age_of_reason",1978,"236.50"
"age_of_reason",1980,"270.00"
"age_of_reason",1981,"451.00"
"age_of_reason",1982,"376.00"
"age_of_reason",1983,"259.50"
"age_of_reason",1985,"455.00"
"age_of_reason",1987,"279.00"
"age_of_reason",1992,"202.00"
"age_of_reason",1993,"767.00"
"age_of_reason",1994,"293.00"
"age_of_reason",1995,"265.25"
"age_of_reason",1996,"291.67"
"age_of_reason",1997,"573.33"
"age_of_reason",1998,"493.67"
"age_of_reason",2000,"405.67"
"age_of_reason",2001,"3996.00"
"age_of_reason",2002,"485.33"
"age_of_reason",2003,"875.00"
"age_of_reason",2004,"1066.25"
"age_of_reason",2005,"1331.44"
"age_of_reason",2006,"251.00"
"age_of_reason",2007,"675.33"
"age_of_reason",2008,"911.71"
"age_of_reason",2009,"1184.00"
"age_of_reason",2010,"1323.80"
"age_of_reason",2011,"2575.00"
"age_of_reason",2012,"314.17"
"age_of_reason",2013,"1644.40"
"age_of_reason",2014,"479.00"
"age_of_reason",2015,"237.00"
"age_of_reason",2016,"2102.50"
"age_of_reason",2017,"500.31"
"age_of_reason",2018,"1553.86"
"age_of_reason",2019,"230.60"
"age_of_reason",2020,"1231.25"
"age_of_reason",2021,"993.00"
"american_civil_war",1961,"244.00"
"american_civil_war",1972,"201.50"
"american_civil_war",1975,"144.00"
"american_civil_war",1977,"507.00"
"american_civil_war",1978,"772.00"
"american_civil_war",1979,"411.33"
"american_civil_war",1980,"495.50"
"american_civil_war",1981,"1182.50"
"american_civil_war",1983,"230.50"
"american_civil_war",1984,"241.67"
"american_civil_war",1985,"233.50"
"american_civil_war",1988,"546.00"
"american_civil_war",1990,"307.83"
"american_civil_war",1991,"317.75"
"american_civil_war",1992,"347.67"
"american_civil_war",1993,"567.25"
"american_civil_war",1994,"414.33"
"american_civil_war",1995,"467.88"
"american_civil_war",1996,"653.67"
"american_civil_war",1997,"321.50"
"american_civil_war",1998,"452.00"
"american_civil_war",1999,"1559.00"
"american_civil_war",2000,"341.50"
"american_civil_war",2001,"905.00"
"american_civil_war",2002,"254.00"
"american_civil_war",2003,"221.50"
"american_civil_war",2004,"432.00"
"american_civil_war",2006,"397.00"
"american_civil_war",2007,"488.50"
"american_civil_war",2008,"370.50"
"american_civil_war",2009,"690.50"
"american_civil_war",2010,"492.67"
"american_civil_war",2011,"392.33"
"american_civil_war",2012,"466.00"
"american_civil_war",2013,"722.60"
"american_civil_war",2014,"676.67"
"american_civil_war",2015,"105.00"
"american_civil_war",2016,"380.00"
"american_civil_war",2018,"899.38"
"american_civil_war",2019,"224.50"
"american_civil_war",2021,"635.00"
"american_indian_wars",1973,"1174.00"
"american_indian_wars",2004,"279.00"
"american_indian_wars",2012,"1555.00"
"american_indian_wars",2020,"170.00"
"american_revolutionary_war",2004,"144.00"
"american_revolutionary_war",2013,"562.00"
"american_revolutionary_war",2014,"387.50"
"american_revolutionary_war",2015,"205.00"
"american_revolutionary_war",2016,"367.00"
"american_revolutionary_war",2018,"231.00"
"american_revolutionary_war",2021,"113.00"
"american_west",1960,"49.00"
"american_west",1963,"253.00"
"american_west",1970,"896.00"
"american_west",1975,"439.00"
"american_west",1980,"806.00"
"american_west",1981,"194.00"
"american_west",1982,"144.00"
"american_west",1983,"120.00"
"american_west",1988,"850.00"
"american_west",1990,"1173.00"
"american_west",1991,"1201.00"
"american_west",1993,"322.00"
"american_west",1995,"444.00"
"american_west",1997,"1000.00"
"american_west",1998,"354.00"
"american_west",1999,"127.00"
"american_west",2000,"816.50"
"american_west",2001,"2079.67"
"american_west",2003,"483.00"
"american_west",2004,"1059.33"
"american_west",2005,"416.40"
"american_west",2006,"898.00"
"american_west",2007,"1032.00"
"american_west",2008,"741.00"
"american_west",2009,"1877.33"
"american_west",2010,"399.33"
"american_west",2011,"1250.00"
"american_west",2012,"306.60"
"american_west",2013,"3886.17"
"american_west",2014,"1573.83"
"american_west",2015,"1078.36"
"american_west",2016,"1408.20"
"american_west",2017,"1379.36"
"american_west",2018,"917.00"
"american_west",2019,"779.82"
"american_west",2020,"757.40"
"american_west",2021,"560.40"
"ancient",-3000,"93.00"
"ancient",1850,"130.00"
"ancient",1960,"116.00"
"ancient",1964,"182.00"
"ancient",1971,"553.75"
"ancient",1972,"244.25"
"ancient",1973,"695.00"
"ancient",1974,"847.00"
"ancient",1975,"376.50"
"ancient",1976,"778.00"
"ancient",1977,"297.50"
"ancient",1979,"154.00"
"ancient",1980,"256.67"
"ancient",1981,"162.00"
"ancient",1983,"103.00"
"ancient",1984,"336.00"
"ancient",1985,"533.00"
"ancient",1986,"104.00"
"ancient",1987,"134.00"
"ancient",1988,"530.00"
"ancient",1989,"1562.25"
"ancient",1990,"1663.75"
"ancient",1991,"972.86"
"ancient",1992,"618.40"
"ancient",1993,"568.80"
"ancient",1994,"292.40"
"ancient",1995,"809.00"
"ancient",1996,"3972.50"
"ancient",1997,"1316.00"
"ancient",1998,"520.33"
"ancient",1999,"746.20"
"ancient",2000,"3347.22"
"ancient",2001,"878.00"
"ancient",2002,"332.75"
"ancient",2003,"1327.00"
"ancient",2004,"1816.13"
"ancient",2005,"1547.47"
"ancient",2006,"1432.35"
"ancient",2007,"2047.76"
"ancient",2008,"943.24"
"ancient",2009,"1310.21"
"ancient",2010,"645.88"
"ancient",2011,"1835.27"
"ancient",2012,"731.08"
"ancient",2013,"1318.82"
"ancient",2014,"885.73"
"ancient",2015,"846.08"
"ancient",2016,"1573.47"
"ancient",2017,"738.80"
"ancient",2018,"3007.65"
"ancient",2019,"881.16"
"ancient",2020,"936.27"
"ancient",2021,"782.45"
"animals",1400,"449.00"
"animals",1587,"1025.00"
"animals",1886,"60.00"
"animals",1890,"259.00"
"animals",1927,"1358.00"
"animals",1932,"115.00"
"animals",1938,"879.00"
"animals",1943,"2118.00"
"animals",1952,"89.00"
"animals",1953,"185.00"
"animals",1954,"79.00"
"animals",1955,"1066.00"
"animals",1963,"3546.00"
"animals",1965,"730.00"
"animals",1966,"1799.00"
"animals",1968,"608.00"
"animals",1969,"468.00"
"animals",1970,"102.00"
"animals",1972,"635.00"
"animals",1973,"2884.75"
"animals",1974,"2881.50"
"animals",1975,"109.50"
"animals",1976,"202.50"
"animals",1977,"2567.75"
"animals",1978,"2717.00"
"animals",1980,"80.00"
"animals",1981,"72.00"
"animals",1982,"112.00"
"animals",1984,"154.50"
"animals",1985,"1879.00"
"animals",1986,"325.33"
"animals",1987,"304.00"
"animals",1988,"548.33"
"animals",1989,"301.17"
"animals",1990,"399.50"
"animals",1991,"185.71"
"animals",1992,"790.80"
"animals",1993,"275.33"
"animals",1994,"1300.00"
"animals",1995,"1160.50"
"animals",1996,"402.00"
"animals",1997,"1521.86"
"animals",1998,"2432.13"
"animals",1999,"1141.13"
"animals",2000,"4403.20"
"animals",2001,"1125.43"
"animals",2002,"1605.94"
"animals",2003,"2587.04"
"animals",2004,"536.06"
"animals",2005,"1288.78"
"animals",2006,"363.82"
"animals",2007,"1361.28"
"animals",2008,"928.03"
"animals",2009,"571.11"
"animals",2010,"1245.60"
"animals",2011,"847.00"
"animals",2012,"861.11"
"animals",2013,"549.75"
"animals",2014,"1299.83"
"animals",2015,"2097.71"
"animals",2016,"1592.24"
"animals",2017,"1306.96"
"animals",2018,"1062.94"
"animals",2019,"1939.52"
"animals",2020,"1059.52"
"animals",2021,"598.86"
"arabian",1983,"461.00"
"arabian",1987,"752.00"
"arabian",1989,"98.50"
"arabian",1990,"357.00"
"arabian",1995,"110.00"
"arabian",1999,"202.67"
"arabian",2001,"259.00"
"arabian",2004,"224.00"
"arabian",2005,"192.00"
"arabian",2006,"1426.25"
"arabian",2007,"1805.33"
"arabian",2008,"951.00"
"arabian",2009,"543.00"
"arabian",2010,"390.00"
"arabian",2011,"425.33"
"arabian",2012,"209.33"
"arabian",2014,"985.80"
"arabian",2016,"299.00"
"arabian",2018,"185.50"
"arabian",2019,"245.00"
"arabian",2021,"116.00"
"aviation_flight",1962,"933.00"
"aviation_flight",1966,"191.00"
"aviation_flight",1968,"192.00"
"aviation_flight",1970,"2834.00"
"aviation_flight",1972,"1314.00"
"aviation_flight",1973,"198.00"
"aviation_flight",1976,"1758.00"
"aviation_flight",1977,"622.00"
"aviation_flight",1978,"227.00"
"aviation_flight",1980,"1079.00"
"aviation_flight",1981,"1364.25"
"aviation_flight",1982,"382.67"
"aviation_flight",1983,"846.67"
"aviation_flight",1985,"353.50"
"aviation_flight",1986,"1013.50"
"aviation_flight",1987,"778.00"
"aviation_flight",1988,"440.00"
"aviation_flight",1990,"596.00"
"aviation_flight",1991,"473.00"
"aviation_flight",1992,"460.00"
"aviation_flight",1993,"591.00"
"aviation_flight",1994,"66.00"
"aviation_flight",1995,"591.75"
"aviation_flight",1996,"312.50"
"aviation_flight",1998,"484.00"
"aviation_flight",1999,"895.00"
"aviation_flight",2001,"823.00"
"aviation_flight",2002,"71.00"
"aviation_flight",2003,"1992.25"
"aviation_flight",2004,"3147.00"
"aviation_flight",2005,"2105.50"
"aviation_flight",2006,"620.00"
"aviation_flight",2007,"1208.17"
"aviation_flight",2008,"646.67"
"aviation_flight",2009,"761.00"
"aviation_flight",2010,"446.00"
"aviation_flight",2011,"563.50"
"aviation_flight",2012,"606.88"
"aviation_flight",2013,"488.00"
"aviation_flight",2014,"606.00"
"aviation_flight",2015,"462.50"
"aviation_flight",2016,"306.00"
"aviation_flight",2017,"720.63"
"aviation_flight",2018,"1216.00"
"aviation_flight",2019,"448.83"
"aviation_flight",2020,"277.25"
"aviation_flight",2021,"280.75"
"city_building",1974,"309.00"
"city_building",1984,"702.00"
"city_building",1986,"175.00"
"city_building",1989,"213.00"
"city_building",1990,"170.00"
"city_building",1992,"270.00"
"city_building",1993,"721.00"
"city_building",1994,"3931.50"
"city_building",1995,"110.00"
"city_building",1996,"11481.00"
"city_building",1997,"910.00"
"city_building",1998,"223.00"
"city_building",1999,"1349.50"
"city_building",2000,"2783.00"
"city_building",2002,"2003.20"
"city_building",2003,"815.00"
"city_building",2004,"3701.00"
"city_building",2005,"766.67"
"city_building",2006,"3320.00"
"city_building",2007,"1005.00"
"city_building",2008,"2328.25"
"city_building",2009,"3088.67"
"city_building",2010,"236.00"
"city_building",2011,"2107.78"
"city_building",2012,"7027.88"
"city_building",2013,"400.20"
"city_building",2014,"1666.08"
"city_building",2015,"3413.50"
"city_building",2016,"2096.30"
"city_building",2017,"1074.25"
"city_building",2018,"4147.35"
"city_building",2019,"1167.46"
"city_building",2020,"2290.13"
"city_building",2021,"542.40"
"civil_war",1958,"993.00"
"civil_war",1961,"176.00"
"civil_war",1973,"124.00"
"civil_war",1974,"1718.00"
"civil_war",1975,"356.25"
"civil_war",1976,"311.00"
"civil_war",1977,"301.00"
"civil_war",1978,"113.00"
"civil_war",1979,"515.00"
"civil_war",1980,"429.00"
"civil_war",1981,"131.00"
"civil_war",1982,"141.00"
"civil_war",1983,"1842.50"
"civil_war",1984,"893.50"
"civil_war",1985,"1287.00"
"civil_war",1986,"1970.40"
"civil_war",1987,"512.00"
"civil_war",1988,"528.75"
"civil_war",1989,"271.00"
"civil_war",1991,"177.25"
"civil_war",1992,"522.00"
"civil_war",1993,"350.50"
"civil_war",1994,"699.75"
"civil_war",1995,"254.67"
"civil_war",1996,"302.00"
"civil_war",1997,"508.00"
"civil_war",1999,"148.00"
"civil_war",2001,"738.50"
"civil_war",2002,"419.00"
"civil_war",2003,"218.00"
"civil_war",2005,"514.00"
"civil_war",2006,"333.14"
"civil_war",2007,"370.80"
"civil_war",2008,"584.17"
"civil_war",2009,"982.67"
"civil_war",2010,"1107.57"
"civil_war",2011,"1773.00"
"civil_war",2012,"252.00"
"civil_war",2013,"572.71"
"civil_war",2014,"2012.00"
"civil_war",2015,"893.33"
"civil_war",2016,"682.25"
"civil_war",2017,"250.00"
"civil_war",2018,"186.00"
"civil_war",2019,"411.17"
"civil_war",2020,"387.50"
"civil_war",2021,"239.33"
"civilization",1984,"291.00"
"civilization",1986,"5870.00"
"civilization",1989,"128.00"
"civilization",1991,"3654.00"
"civilization",1993,"805.00"
"civilization",1994,"363.00"
"civilization",1995,"168.00"
"civilization",1997,"14701.50"
"civilization",1999,"3762.00"
"civilization",2000,"3467.50"
"civilization",2001,"408.00"
"civilization",2002,"2660.83"
"civilization",2003,"2025.25"
"civilization",2004,"740.33"
"civilization",2005,"1244.80"
"civilization",2006,"1464.86"
"civilization",2007,"3130.00"
"civilization",2008,"3629.80"
"civilization",2009,"1565.17"
"civilization",2010,"7061.86"
"civilization",2011,"767.00"
"civilization",2012,"799.25"
"civilization",2013,"1179.78"
"civilization",2014,"5258.64"
"civilization",2015,"1914.92"
"civilization",2016,"2291.73"
"civilization",2017,"2520.64"
"civilization",2018,"2023.20"
"civilization",2019,"2660.43"
"civilization",2020,"407.50"
"civilization",2021,"1509.40"
"comic_book",1150,"9197.00"
"comic_book",1979,"1992.00"
"comic_book",1987,"163.00"
"comic_book",1990,"286.00"
"comic_book",1994,"78.00"
"comic_book",1995,"117.00"
"comic_book",1996,"499.00"
"comic_book",1997,"1130.00"
"comic_book",1999,"99.00"
"comic_book",2001,"648.50"
"comic_book",2002,"151.00"
"comic_book",2003,"130.00"
"comic_book",2004,"855.50"
"comic_book",2005,"77.00"
"comic_book",2006,"226.00"
"comic_book",2007,"325.50"
"comic_book",2008,"974.00"
"comic_book",2009,"270.00"
"comic_book",2011,"751.33"
"comic_book",2012,"10620.50"
"comic_book",2013,"621.25"
"comic_book",2014,"1758.92"
"comic_book",2015,"1488.93"
"comic_book",2016,"1423.00"
"comic_book",2017,"720.30"
"comic_book",2018,"1031.57"
"comic_book",2019,"2655.08"
"comic_book",2020,"540.00"
"comic_book",2021,"564.50"
"cooking",1971,"152.00"
"cooking",1986,"1841.00"
"cooking",1987,"218.33"
"cooking",1989,"1581.33"
"cooking",1990,"109.00"
"cooking",1993,"250.00"
"cooking",1994,"3320.00"
"cooking",1995,"264.00"
"cooking",1996,"223.00"
"cooking",1998,"7804.00"
"cooking",1999,"93.00"
"cooking",2000,"67.00"
"cooking",2001,"71.00"
"cooking",2002,"918.50"
"cooking",2003,"541.75"
"cooking",2004,"1078.00"
"cooking",2005,"405.83"
"cooking",2006,"223.00"
"cooking",2007,"162.00"
"cooking",2008,"2606.25"
"cooking",2009,"429.70"
"cooking",2010,"442.00"
"cooking",2011,"523.00"
"cooking",2012,"1582.30"
"cooking",2013,"8667.88"
"cooking",2014,"798.27"
"cooking",2015,"426.77"
"cooking",2016,"11912.75"
"cooking",2017,"1673.58"
"cooking",2018,"207.78"
"cooking",2019,"2209.55"
"cooking",2020,"285.27"
"cooking",2021,"344.00"
"economic",1903,"15115.00"
"economic",1932,"345.00"
"economic",1933,"42846.00"
"economic",1935,"293.67"
"economic",1936,"284.00"
"economic",1937,"357.50"
"economic",1940,"498.00"
"economic",1946,"214.00"
"economic",1949,"401.00"
"economic",1950,"147.00"
"economic",1953,"310.00"
"economic",1954,"62.00"
"economic",1955,"4316.00"
"economic",1956,"175.00"
"economic",1959,"134.00"
"economic",1960,"3257.17"
"economic",1961,"394.25"
"economic",1962,"247.00"
"economic",1963,"628.00"
"economic",1964,"8705.67"
"economic",1965,"1626.50"
"economic",1966,"179.00"
"economic",1967,"403.50"
"economic",1968,"112.00"
"economic",1969,"916.33"
"economic",1970,"717.00"
"economic",1971,"826.50"
"economic",1972,"299.50"
"economic",1973,"865.20"
"economic",1974,"912.00"
"economic",1975,"1267.00"
"economic",1976,"714.75"
"economic",1977,"733.11"
"economic",1978,"194.50"
"economic",1979,"386.92"
"economic",1980,"1577.70"
"economic",1981,"1323.27"
"economic",1982,"723.63"
"economic",1983,"532.86"
"economic",1984,"904.71"
"economic",1985,"586.00"
"economic",1986,"3140.40"
"economic",1987,"733.50"
"economic",1988,"565.56"
"economic",1989,"589.63"
"economic",1990,"1207.57"
"economic",1991,"698.00"
"economic",1992,"2762.45"
"economic",1993,"494.86"
"economic",1994,"299.70"
"economic",1995,"19318.56"
"economic",1996,"701.43"
"economic",1997,"2156.67"
"economic",1998,"455.42"
"economic",1999,"1508.00"
"economic",2000,"496.63"
"economic",2001,"643.71"
"economic",2002,"4374.63"
"economic",2003,"1418.83"
"economic",2004,"5506.38"
"economic",2005,"2366.73"
"economic",2006,"2849.10"
"economic",2007,"5199.51"
"economic",2008,"4223.13"
"economic",2009,"3343.41"
"economic",2010,"4127.78"
"economic",2011,"1865.29"
"economic",2012,"2794.11"
"economic",2013,"2801.06"
"economic",2014,"4800.31"
"economic",2015,"5595.65"
"economic",2016,"2881.79"
"economic",2017,"4141.77"
"economic",2018,"1960.92"
"economic",2019,"1888.03"
"economic",2020,"2020.52"
"economic",2021,"828.85"
"environmental",1959,"4406.00"
"environmental",1974,"128.00"
"environmental",1976,"338.50"
"environmental",1980,"401.50"
"environmental",1982,"71.00"
"environmental",1983,"246.00"
"environmental",1986,"192.00"
"environmental",1989,"96.00"
"environmental",1990,"333.00"
"environmental",1993,"332.00"
"environmental",1994,"232.00"
"environmental",1995,"131.00"
"environmental",1996,"164.00"
"environmental",1997,"598.00"
"environmental",1999,"165.00"
"environmental",2000,"878.00"
"environmental",2001,"733.00"
"environmental",2002,"242.00"
"environmental",2003,"1296.00"
"environmental",2004,"1953.83"
"environmental",2005,"100.50"
"environmental",2006,"169.00"
"environmental",2008,"540.50"
"environmental",2009,"250.25"
"environmental",2010,"3494.00"
"environmental",2011,"8965.00"
"environmental",2012,"4922.75"
"environmental",2013,"1147.50"
"environmental",2014,"2669.00"
"environmental",2015,"9532.13"
"environmental",2016,"12346.73"
"environmental",2017,"3786.80"
"environmental",2018,"1884.46"
"environmental",2019,"1751.35"
"environmental",2020,"1863.56"
"environmental",2021,"871.94"
"fantasy",1968,"2780.00"
"fantasy",1971,"292.00"
"fantasy",1972,"280.00"
"fantasy",1974,"162.50"
"fantasy",1975,"261.25"
"fantasy",1977,"365.57"
"fantasy",1978,"284.00"
"fantasy",1979,"472.29"
"fantasy",1980,"917.82"
"fantasy",1981,"614.00"
"fantasy",1982,"354.89"
"fantasy",1983,"902.00"
"fantasy",1984,"2757.50"
"fantasy",1985,"711.86"
"fantasy",1986,"755.11"
"fantasy",1987,"444.86"
"fantasy",1988,"832.88"
"fantasy",1989,"254.86"
"fantasy",1990,"312.67"
"fantasy",1991,"688.33"
"fantasy",1992,"639.80"
"fantasy",1993,"3684.00"
"fantasy",1994,"1631.36"
"fantasy",1995,"631.81"
"fantasy",1996,"777.56"
"fantasy",1997,"1079.79"
"fantasy",1998,"1068.94"
"fantasy",1999,"1308.86"
"fantasy",2000,"3387.04"
"fantasy",2001,"3034.21"
"fantasy",2002,"924.74"
"fantasy",2003,"929.44"
"fantasy",2004,"3554.30"
"fantasy",2005,"717.11"
"fantasy",2006,"1290.30"
"fantasy",2007,"1493.55"
"fantasy",2008,"2004.82"
"fantasy",2009,"4858.67"
"fantasy",2010,"1431.25"
"fantasy",2011,"3072.96"
"fantasy",2012,"4114.20"
"fantasy",2013,"2682.60"
"fantasy",2014,"2338.46"
"fantasy",2015,"2224.64"
"fantasy",2016,"1813.00"
"fantasy",2017,"2313.25"
"fantasy",2018,"1877.98"
"fantasy",2019,"1695.54"
"fantasy",2020,"1104.28"
"fantasy",2021,"759.07"
"farming",1953,"433.00"
"farming",1960,"1795.00"
"farming",1980,"127.00"
"farming",1985,"431.00"
"farming",1989,"477.00"
"farming",1990,"95.00"
"farming",1991,"321.00"
"farming",1997,"59803.00"
"farming",1998,"231.00"
"farming",2000,"2840.00"
"farming",2001,"535.00"
"farming",2003,"4518.00"
"farming",2004,"107.00"
"farming",2006,"1181.00"
"farming",2007,"839.00"
"farming",2008,"218.67"
"farming",2009,"1026.00"
"farming",2010,"515.67"
"farming",2011,"374.00"
"farming",2012,"1179.29"
"farming",2013,"1028.00"
"farming",2014,"3681.00"
"farming",2015,"819.00"
"farming",2016,"2696.20"
"farming",2017,"1577.20"
"farming",2018,"1535.58"
"farming",2019,"545.00"
"farming",2020,"1086.75"
"farming",2021,"1262.00"
"fighting",1909,"103.00"
"fighting",1938,"627.00"
"fighting",1946,"25081.00"
"fighting",1954,"342.00"
"fighting",1959,"227.00"
"fighting",1962,"217.00"
"fighting",1970,"98.00"
"fighting",1972,"302.00"
"fighting",1973,"126.67"
"fighting",1975,"102.00"
"fighting",1976,"322.00"
"fighting",1977,"4087.00"
"fighting",1978,"1027.50"
"fighting",1979,"2609.25"
"fighting",1980,"350.00"
"fighting",1981,"1665.75"
"fighting",1982,"719.17"
"fighting",1983,"817.38"
"fighting",1984,"74.00"
"fighting",1985,"1658.25"
"fighting",1986,"497.13"
"fighting",1987,"296.00"
"fighting",1988,"182.00"
"fighting",1989,"1482.75"
"fighting",1990,"672.00"
"fighting",1991,"720.57"
"fighting",1992,"346.30"
"fighting",1993,"341.67"
"fighting",1994,"623.90"
"fighting",1995,"510.90"
"fighting",1996,"936.29"
"fighting",1997,"222.86"
"fighting",1998,"190.22"
"fighting",1999,"574.42"
"fighting",2000,"931.12"
"fighting",2001,"1960.19"
"fighting",2002,"3534.33"
"fighting",2003,"898.81"
"fighting",2004,"1835.33"
"fighting",2005,"1854.92"
"fighting",2006,"1250.18"
"fighting",2007,"3032.27"
"fighting",2008,"1016.65"
"fighting",2009,"2160.59"
"fighting",2010,"1752.69"
"fighting",2011,"6598.15"
"fighting",2012,"1636.26"
"fighting",2013,"2046.36"
"fighting",2014,"4972.91"
"fighting",2015,"2445.13"
"fighting",2016,"4478.31"
"fighting",2017,"761.69"
"fighting",2018,"775.85"
"fighting",2019,"1102.06"
"fighting",2020,"1211.34"
"fighting",2021,"698.38"
"horror",1965,"104.00"
"horror",1970,"1797.00"
"horror",1980,"2101.00"
"horror",1981,"332.50"
"horror",1983,"299.00"
"horror",1986,"2252.00"
"horror",1988,"109.00"
"horror",1989,"207.00"
"horror",1992,"114.50"
"horror",1993,"863.00"
"horror",1995,"571.00"
"horror",1996,"202.00"
"horror",1998,"756.00"
"horror",1999,"318.50"
"horror",2000,"501.00"
"horror",2001,"4932.25"
"horror",2002,"719.25"
"horror",2003,"1715.63"
"horror",2004,"1578.14"
"horror",2005,"3054.50"
"horror",2006,"468.00"
"horror",2007,"806.83"
"horror",2008,"1533.86"
"horror",2009,"574.85"
"horror",2010,"3659.92"
"horror",2011,"640.40"
"horror",2012,"2672.71"
"horror",2013,"2624.67"
"horror",2014,"4378.15"
"horror",2015,"4831.28"
"horror",2016,"996.45"
"horror",2017,"1052.72"
"horror",2018,"2105.10"
"horror",2019,"708.94"
"horror",2020,"378.20"
"horror",2021,"991.64"
"humor",1964,"1069.00"
"humor",1968,"449.00"
"humor",1971,"111.00"
"humor",1973,"120.50"
"humor",1975,"177.00"
"humor",1976,"46.00"
"humor",1978,"4477.50"
"humor",1979,"72.00"
"humor",1981,"272.00"
"humor",1985,"409.00"
"humor",1986,"67.00"
"humor",1987,"827.00"
"humor",1988,"142.57"
"humor",1989,"444.00"
"humor",1990,"361.00"
"humor",1991,"151.00"
"humor",1992,"1063.25"
"humor",1993,"8066.00"
"humor",1994,"310.50"
"humor",1995,"157.00"
"humor",1997,"169.50"
"humor",1998,"4850.29"
"humor",1999,"5449.33"
"humor",2000,"169.75"
"humor",2001,"601.22"
"humor",2002,"1297.78"
"humor",2003,"741.00"
"humor",2004,"391.71"
"humor",2005,"885.45"
"humor",2006,"825.55"
"humor",2007,"979.53"
"humor",2008,"5136.68"
"humor",2009,"1917.81"
"humor",2010,"823.41"
"humor",2011,"2223.94"
"humor",2012,"870.64"
"humor",2013,"1184.23"
"humor",2014,"556.96"
"humor",2015,"420.55"
"humor",2016,"1696.30"
"humor",2017,"1160.36"
"humor",2018,"573.53"
"humor",2019,"290.24"
"humor",2020,"529.25"
"humor",2021,"314.29"
"industry_manufacturing",1975,"98.50"
"industry_manufacturing",1978,"43.00"
"industry_manufacturing",1985,"287.00"
"industry_manufacturing",1993,"163.50"
"industry_manufacturing",2000,"350.00"
"industry_manufacturing",2001,"1479.00"
"industry_manufacturing",2002,"60.00"
"industry_manufacturing",2003,"164.00"
"industry_manufacturing",2004,"249.00"
"industry_manufacturing",2006,"1672.80"
"industry_manufacturing",2007,"1683.50"
"industry_manufacturing",2008,"328.50"
"industry_manufacturing",2010,"480.67"
"industry_manufacturing",2011,"65.00"
"industry_manufacturing",2012,"155.50"
"industry_manufacturing",2013,"3179.40"
"industry_manufacturing",2014,"551.00"
"industry_manufacturing",2015,"1302.36"
"industry_manufacturing",2016,"2674.13"
"industry_manufacturing",2017,"1572.17"
"industry_manufacturing",2018,"3468.67"
"industry_manufacturing",2019,"2190.00"
"industry_manufacturing",2020,"1957.22"
"industry_manufacturing",2021,"886.78"
"korean_war",1987,"375.00"
"korean_war",1991,"387.00"
"korean_war",1996,"187.00"
"korean_war",1997,"353.00"
"korean_war",2010,"367.00"
"korean_war",2016,"233.00"
"mafia",1981,"102.00"
"mafia",1982,"6071.00"
"mafia",1984,"143.00"
"mafia",1987,"57.00"
"mafia",1988,"461.00"
"mafia",1991,"253.50"
"mafia",1992,"132.00"
"mafia",1993,"400.00"
"mafia",1996,"206.00"
"mafia",1997,"200.00"
"mafia",1999,"907.00"
"mafia",2001,"1513.00"
"mafia",2002,"470.00"
"mafia",2003,"1507.00"
"mafia",2004,"851.00"
"mafia",2005,"126.67"
"mafia",2006,"198.00"
"mafia",2007,"684.50"
"mafia",2009,"473.50"
"mafia",2010,"1438.50"
"mafia",2011,"1865.00"
"mafia",2012,"253.17"
"mafia",2013,"722.43"
"mafia",2014,"1433.80"
"mafia",2015,"1277.44"
"mafia",2016,"867.00"
"mafia",2017,"508.00"
"mafia",2018,"683.67"
"mafia",2019,"302.67"
"mafia",2020,"160.00"
"mafia",2021,"419.33"
"math",1750,"2861.00"
"math",1963,"89.50"
"math",1967,"2775.00"
"math",1974,"216.00"
"math",1978,"300.00"
"math",1982,"157.00"
"math",1985,"119.67"
"math",1994,"167.00"
"math",1996,"343.00"
"math",2000,"182.00"
"math",2002,"255.00"
"math",2003,"214.00"
"math",2004,"1184.50"
"math",2005,"619.00"
"math",2006,"279.33"
"math",2007,"65.00"
"math",2008,"126.00"
"math",2009,"122.67"
"math",2010,"113.50"
"math",2011,"144.00"
"math",2012,"58.00"
"math",2013,"138.00"
"math",2014,"72.00"
"math",2015,"230.25"
"math",2017,"900.33"
"math",2018,"324.33"
"math",2019,"183.00"
"math",2020,"202.00"
"mature_adult",1962,"351.00"
"mature_adult",1977,"214.00"
"mature_adult",1981,"147.00"
"mature_adult",1994,"126.00"
"mature_adult",2001,"280.50"
"mature_adult",2002,"134.67"
"mature_adult",2003,"44.00"
"mature_adult",2004,"374.50"
"mature_adult",2005,"1256.00"
"mature_adult",2006,"258.00"
"mature_adult",2007,"252.67"
"mature_adult",2008,"420.33"
"mature_adult",2009,"15207.67"
"mature_adult",2010,"516.75"
"mature_adult",2011,"264.00"
"mature_adult",2012,"348.25"
"mature_adult",2013,"309.00"
"mature_adult",2014,"478.83"
"mature_adult",2015,"1284.64"
"mature_adult",2016,"729.96"
"mature_adult",2017,"300.89"
"mature_adult",2018,"553.33"
"mature_adult",2019,"462.00"
"mature_adult",2020,"3981.00"
"mature_adult",2021,"45.00"
"maze",1940,"883.00"
"maze",1966,"126.00"
"maze",1970,"1627.00"
"maze",1972,"483.00"
"maze",1974,"665.00"
"maze",1981,"388.50"
"maze",1983,"190.00"
"maze",1986,"21323.00"
"maze",1987,"104.00"
"maze",1990,"69.00"
"maze",1992,"196.00"
"maze",1993,"94.00"
"maze",1996,"118.00"
"maze",1997,"9924.00"
"maze",1999,"8575.00"
"maze",2000,"175.00"
"maze",2001,"824.00"
"maze",2002,"253.50"
"maze",2004,"418.00"
"maze",2005,"328.67"
"maze",2006,"533.00"
"maze",2007,"117.00"
"maze",2008,"2669.00"
"maze",2009,"181.00"
"maze",2010,"527.00"
"maze",2011,"421.00"
"maze",2013,"963.00"
"maze",2014,"178.00"
"maze",2015,"240.67"
"maze",2016,"278.00"
"maze",2017,"610.67"
"maze",2018,"498.25"
"maze",2019,"130.50"
"maze",2020,"135.00"
"maze",2021,"429.00"
"medical",1965,"6522.00"
"medical",1973,"110.00"
"medical",1979,"226.00"
"medical",1984,"121.00"
"medical",1986,"1472.00"
"medical",1991,"487.00"
"medical",1993,"270.00"
"medical",1996,"101.00"
"medical",1998,"63.50"
"medical",2002,"199.00"
"medical",2005,"113.00"
"medical",2008,"83374.00"
"medical",2009,"109.00"
"medical",2010,"616.50"
"medical",2011,"464.00"
"medical",2013,"1326.50"
"medical",2014,"1495.29"
"medical",2015,"1524.33"
"medical",2016,"2821.86"
"medical",2017,"1877.08"
"medical",2018,"1677.17"
"medical",2019,"1706.50"
"medical",2020,"2041.20"
"medical",2021,"687.50"
"medieval",1967,"3594.00"
"medieval",1970,"1029.00"
"medieval",1971,"144.00"
"medieval",1972,"104.00"
"medieval",1973,"69.00"
"medieval",1975,"200.67"
"medieval",1976,"112.00"
"medieval",1977,"330.00"
"medieval",1978,"585.67"
"medieval",1979,"361.80"
"medieval",1980,"271.00"
"medieval",1981,"758.50"
"medieval",1982,"201.00"
"medieval",1983,"462.75"
"medieval",1984,"485.00"
"medieval",1985,"232.00"
"medieval",1986,"313.50"
"medieval",1987,"698.33"
"medieval",1989,"91.00"
"medieval",1990,"463.75"
"medieval",1992,"925.43"
"medieval",1993,"489.22"
"medieval",1994,"219.36"
"medieval",1995,"4460.13"
"medieval",1996,"775.20"
"medieval",1997,"1957.33"
"medieval",1998,"2830.67"
"medieval",1999,"1808.09"
"medieval",2000,"17088.70"
"medieval",2001,"1087.33"
"medieval",2002,"1411.33"
"medieval",2003,"6171.56"
"medieval",2004,"1736.50"
"medieval",2005,"1111.35"
"medieval",2006,"1472.23"
"medieval",2007,"2047.72"
"medieval",2008,"7023.94"
"medieval",2009,"4483.13"
"medieval",2010,"1786.00"
"medieval",2011,"5334.63"
"medieval",2012,"1058.04"
"medieval",2013,"2438.84"
"medieval",2014,"2838.69"
"medieval",2015,"2500.84"
"medieval",2016,"2931.81"
"medieval",2017,"1490.97"
"medieval",2018,"4126.31"
"medieval",2019,"2693.26"
"medieval",2020,"1640.58"
"medieval",2021,"827.90"
"modern_warfare",1940,"270.00"
"modern_warfare",1958,"2028.00"
"modern_warfare",1965,"4075.00"
"modern_warfare",1970,"780.00"
"modern_warfare",1971,"219.00"
"modern_warfare",1972,"368.50"
"modern_warfare",1973,"375.20"
"modern_warfare",1974,"324.50"
"modern_warfare",1975,"317.86"
"modern_warfare",1976,"412.83"
"modern_warfare",1977,"486.54"
"modern_warfare",1978,"324.00"
"modern_warfare",1979,"386.83"
"modern_warfare",1980,"414.67"
"modern_warfare",1981,"435.60"
"modern_warfare",1982,"167.50"
"modern_warfare",1983,"853.88"
"modern_warfare",1984,"713.38"
"modern_warfare",1985,"795.50"
"modern_warfare",1986,"704.64"
"modern_warfare",1987,"814.50"
"modern_warfare",1988,"290.25"
"modern_warfare",1989,"577.33"
"modern_warfare",1990,"378.13"
"modern_warfare",1991,"497.36"
"modern_warfare",1992,"580.00"
"modern_warfare",1993,"363.33"
"modern_warfare",1994,"244.00"
"modern_warfare",1995,"498.60"
"modern_warfare",1997,"276.33"
"modern_warfare",1998,"222.00"
"modern_warfare",1999,"144.00"
"modern_warfare",2002,"252.25"
"modern_warfare",2003,"562.29"
"modern_warfare",2004,"551.25"
"modern_warfare",2005,"19855.67"
"modern_warfare",2006,"392.50"
"modern_warfare",2007,"2535.33"
"modern_warfare",2008,"471.91"
"modern_warfare",2009,"516.67"
"modern_warfare",2010,"999.56"
"modern_warfare",2011,"291.25"
"modern_warfare",2012,"894.88"
"modern_warfare",2013,"786.22"
"modern_warfare",2014,"625.80"
"modern_warfare",2015,"339.00"
"modern_warfare",2016,"1102.60"
"modern_warfare",2017,"703.50"
"modern_warfare",2018,"355.08"
"modern_warfare",2019,"646.11"
"modern_warfare",2020,"324.44"
"modern_warfare",2021,"191.00"
"movies_tv_radio",-200,"4748.00"
"movies_tv_radio",400,"7824.00"
"movies_tv_radio",1530,"1662.00"
"movies_tv_radio",1800,"16998.00"
"movies_tv_radio",1850,"2117.00"
"movies_tv_radio",1851,"475.00"
"movies_tv_radio",1861,"580.00"
"movies_tv_radio",1866,"484.00"
"movies_tv_radio",1887,"1708.00"
"movies_tv_radio",1900,"145.00"
"movies_tv_radio",1921,"712.00"
"movies_tv_radio",1935,"104.00"
"movies_tv_radio",1949,"32383.00"
"movies_tv_radio",1956,"22387.00"
"movies_tv_radio",1958,"462.50"
"movies_tv_radio",1962,"2286.00"
"movies_tv_radio",1963,"113.00"
"movies_tv_radio",1964,"366.67"
"movies_tv_radio",1965,"1595.50"
"movies_tv_radio",1967,"266.00"
"movies_tv_radio",1968,"153.00"
"movies_tv_radio",1969,"73.00"
"movies_tv_radio",1970,"216.00"
"movies_tv_radio",1971,"42447.00"
"movies_tv_radio",1972,"68.00"
"movies_tv_radio",1973,"219.50"
"movies_tv_radio",1974,"211.50"
"movies_tv_radio",1975,"567.50"
"movies_tv_radio",1976,"211.00"
"movies_tv_radio",1977,"660.00"
"movies_tv_radio",1978,"253.33"
"movies_tv_radio",1979,"4610.00"
"movies_tv_radio",1980,"170.50"
"movies_tv_radio",1981,"115.40"
"movies_tv_radio",1982,"191.80"
"movies_tv_radio",1983,"144.40"
"movies_tv_radio",1984,"156.50"
"movies_tv_radio",1985,"210.00"
"movies_tv_radio",1986,"233.00"
"movies_tv_radio",1987,"301.00"
"movies_tv_radio",1988,"1015.00"
"movies_tv_radio",1989,"232.00"
"movies_tv_radio",1990,"98.50"
"movies_tv_radio",1991,"185.00"
"movies_tv_radio",1992,"1758.14"
"movies_tv_radio",1993,"272.67"
"movies_tv_radio",1994,"305.00"
"movies_tv_radio",1995,"198.00"
"movies_tv_radio",1996,"305.00"
"movies_tv_radio",1997,"361.67"
"movies_tv_radio",1998,"105.00"
"movies_tv_radio",1999,"172.38"
"movies_tv_radio",2000,"791.35"
"movies_tv_radio",2001,"196.00"
"movies_tv_radio",2002,"469.00"
"movies_tv_radio",2003,"289.00"
"movies_tv_radio",2004,"406.07"
"movies_tv_radio",2005,"249.10"
"movies_tv_radio",2006,"451.67"
"movies_tv_radio",2007,"437.33"
"movies_tv_radio",2008,"1068.48"
"movies_tv_radio",2009,"240.62"
"movies_tv_radio",2010,"195.08"
"movies_tv_radio",2011,"394.25"
"movies_tv_radio",2012,"286.23"
"movies_tv_radio",2013,"488.94"
"movies_tv_radio",2014,"947.97"
"movies_tv_radio",2015,"1144.32"
"movies_tv_radio",2016,"858.95"
"movies_tv_radio",2017,"1192.81"
"movies_tv_radio",2018,"692.17"
"movies_tv_radio",2019,"1498.90"
"movies_tv_radio",2020,"925.78"
"movies_tv_radio",2021,"616.67"
"murder_mystery",1972,"369.00"
"murder_mystery",1978,"160.00"
"murder_mystery",1979,"224.00"
"murder_mystery",1982,"112.00"
"murder_mystery",1983,"161.00"
"murder_mystery",1984,"747.00"
"murder_mystery",1985,"540.86"
"murder_mystery",1986,"294.50"
"murder_mystery",1987,"700.00"
"murder_mystery",1988,"1497.50"
"murder_mystery",1989,"120.67"
"murder_mystery",1990,"383.00"
"murder_mystery",1991,"578.00"
"murder_mystery",1992,"469.00"
"murder_mystery",1993,"2073.00"
"murder_mystery",1995,"389.00"
"murder_mystery",1996,"2879.00"
"murder_mystery",1997,"708.25"
"murder_mystery",1998,"5789.00"
"murder_mystery",1999,"1451.50"
"murder_mystery",2001,"2355.00"
"murder_mystery",2002,"1889.50"
"murder_mystery",2003,"1130.00"
"murder_mystery",2005,"761.00"
"murder_mystery",2006,"5205.50"
"murder_mystery",2007,"376.67"
"murder_mystery",2008,"743.50"
"murder_mystery",2009,"909.29"
"murder_mystery",2010,"1505.17"
"murder_mystery",2011,"2860.67"
"murder_mystery",2012,"2305.60"
"murder_mystery",2013,"1033.30"
"murder_mystery",2014,"10078.00"
"murder_mystery",2015,"656.00"
"murder_mystery",2016,"1065.56"
"murder_mystery",2017,"1177.40"
"murder_mystery",2018,"1832.41"
"murder_mystery",2019,"576.94"
"murder_mystery",2020,"1247.17"
"murder_mystery",2021,"534.11"
"music",1970,"58.00"
"music",1978,"144.00"
"music",1989,"632.00"
"music",1990,"273.00"
"music",1991,"88.00"
"music",1993,"102.00"
"music",1999,"667.00"
"music",2000,"190.00"
"music",2002,"409.00"
"music",2003,"474.00"
"music",2006,"1046.00"
"music",2009,"223.50"
"music",2010,"874.00"
"music",2013,"130.00"
"music",2014,"108.00"
"music",2015,"414.50"
"music",2016,"162.50"
"music",2017,"934.25"
"music",2018,"151.33"
"music",2019,"391.25"
"music",2020,"100.00"
"music",2021,"112.00"
"mythology",1974,"60.00"
"mythology",1977,"127.00"
"mythology",1989,"79.00"
"mythology",1992,"120.00"
"mythology",1996,"52.00"
"mythology",1997,"1643.00"
"mythology",1999,"19094.00"
"mythology",2000,"5199.00"
"mythology",2002,"2737.50"
"mythology",2003,"121.50"
"mythology",2004,"1628.00"
"mythology",2005,"1203.00"
"mythology",2006,"1766.00"
"mythology",2007,"378.00"
"mythology",2008,"576.50"
"mythology",2009,"847.67"
"mythology",2010,"553.44"
"mythology",2011,"1984.50"
"mythology",2012,"2344.36"
"mythology",2013,"429.00"
"mythology",2014,"1557.00"
"mythology",2015,"2162.82"
"mythology",2016,"4414.41"
"mythology",2017,"1716.18"
"mythology",2018,"1139.69"
"mythology",2019,"927.67"
"mythology",2020,"1411.11"
"mythology",2021,"1681.00"
"napoleonic",1962,"1104.00"
"napoleonic",1969,"210.00"
"napoleonic",1971,"1068.50"
"napoleonic",1972,"312.50"
"napoleonic",1974,"2657.00"
"napoleonic",1975,"248.75"
"napoleonic",1976,"481.67"
"napoleonic",1977,"522.00"
"napoleonic",1978,"506.00"
"napoleonic",1979,"597.44"
"napoleonic",1980,"684.60"
"napoleonic",1981,"107.00"
"napoleonic",1982,"339.75"
"napoleonic",1984,"452.50"
"napoleonic",1985,"321.50"
"napoleonic",1986,"414.00"
"napoleonic",1987,"429.25"
"napoleonic",1989,"423.00"
"napoleonic",1990,"188.67"
"napoleonic",1991,"646.25"
"napoleonic",1992,"479.80"
"napoleonic",1993,"353.25"
"napoleonic",1994,"439.00"
"napoleonic",1995,"355.60"
"napoleonic",1996,"239.33"
"napoleonic",1997,"381.14"
"napoleonic",1998,"976.00"
"napoleonic",1999,"418.67"
"napoleonic",2000,"409.60"
"napoleonic",2001,"467.75"
"napoleonic",2002,"459.43"
"napoleonic",2003,"667.20"
"napoleonic",2004,"323.00"
"napoleonic",2005,"504.57"
"napoleonic",2006,"169.60"
"napoleonic",2007,"529.78"
"napoleonic",2008,"684.25"
"napoleonic",2009,"276.57"
"napoleonic",2010,"966.50"
"napoleonic",2011,"495.90"
"napoleonic",2012,"436.44"
"napoleonic",2013,"297.17"
"napoleonic",2014,"245.14"
"napoleonic",2015,"307.00"
"napoleonic",2016,"309.67"
"napoleonic",2017,"315.64"
"napoleonic",2018,"403.00"
"napoleonic",2019,"305.00"
"napoleonic",2020,"323.83"
"nautical",1919,"126.00"
"nautical",1931,"7257.00"
"nautical",1959,"317.00"
"nautical",1960,"174.00"
"nautical",1962,"827.00"
"nautical",1964,"2052.00"
"nautical",1965,"1309.00"
"nautical",1967,"1457.00"
"nautical",1970,"156.00"
"nautical",1973,"591.00"
"nautical",1974,"508.00"
"nautical",1975,"382.67"
"nautical",1976,"1840.50"
"nautical",1977,"1091.17"
"nautical",1978,"878.00"
"nautical",1979,"440.80"
"nautical",1981,"179.71"
"nautical",1982,"646.33"
"nautical",1983,"324.00"
"nautical",1984,"271.00"
"nautical",1985,"2241.50"
"nautical",1986,"298.25"
"nautical",1987,"394.33"
"nautical",1988,"879.00"
"nautical",1989,"374.50"
"nautical",1990,"360.00"
"nautical",1991,"353.88"
"nautical",1992,"1398.40"
"nautical",1993,"1935.00"
"nautical",1994,"184.75"
"nautical",1995,"291.00"
"nautical",1996,"598.50"
"nautical",1997,"298.00"
"nautical",1998,"410.80"
"nautical",1999,"555.50"
"nautical",2000,"1703.00"
"nautical",2001,"966.50"
"nautical",2002,"1316.60"
"nautical",2003,"505.25"
"nautical",2004,"1736.18"
"nautical",2005,"810.46"
"nautical",2006,"505.78"
"nautical",2007,"2482.09"
"nautical",2008,"488.50"
"nautical",2009,"1148.91"
"nautical",2010,"520.93"
"nautical",2011,"342.60"
"nautical",2012,"2194.44"
"nautical",2013,"1609.67"
"nautical",2014,"3421.86"
"nautical",2015,"770.86"
"nautical",2016,"1143.56"
"nautical",2017,"599.14"
"nautical",2018,"1511.21"
"nautical",2019,"1132.00"
"nautical",2020,"524.27"
"nautical",2021,"1207.43"
"nautical",2022,"2.00"
"novel_based",1874,"2178.00"
"novel_based",1916,"654.00"
"novel_based",1975,"6835.00"
"novel_based",1977,"139.00"
"novel_based",1978,"103.00"
"novel_based",1982,"34955.00"
"novel_based",1983,"277.00"
"novel_based",1986,"317.00"
"novel_based",1987,"450.00"
"novel_based",1988,"740.50"
"novel_based",1991,"1280.00"
"novel_based",1995,"1917.33"
"novel_based",1996,"244.80"
"novel_based",1997,"174.00"
"novel_based",1998,"277.00"
"novel_based",1999,"1130.00"
"novel_based",2000,"280.50"
"novel_based",2002,"326.00"
"novel_based",2003,"2247.67"
"novel_based",2004,"1026.80"
"novel_based",2005,"245.25"
"novel_based",2006,"465.00"
"novel_based",2007,"2101.80"
"novel_based",2008,"1344.00"
"novel_based",2009,"528.40"
"novel_based",2010,"501.50"
"novel_based",2011,"1239.14"
"novel_based",2012,"547.91"
"novel_based",2013,"1778.40"
"novel_based",2014,"4985.09"
"novel_based",2015,"2020.18"
"novel_based",2016,"3518.08"
"novel_based",2017,"1206.08"
"novel_based",2018,"1622.00"
"novel_based",2019,"786.93"
"novel_based",2020,"1175.00"
"novel_based",2021,"463.67"
"numbers",1700,"624.00"
"numbers",1796,"582.00"
"numbers",1903,"1848.00"
"numbers",1930,"757.00"
"numbers",1956,"5881.00"
"numbers",1963,"213.00"
"numbers",1964,"957.00"
"numbers",1975,"341.00"
"numbers",1977,"28472.00"
"numbers",1978,"276.00"
"numbers",1985,"411.00"
"numbers",1987,"225.00"
"numbers",1988,"325.00"
"numbers",1991,"74.00"
"numbers",1992,"255.00"
"numbers",1994,"15853.00"
"numbers",1996,"204.67"
"numbers",2000,"1349.00"
"numbers",2003,"134.83"
"numbers",2004,"471.33"
"numbers",2005,"201.00"
"numbers",2006,"151.00"
"numbers",2007,"372.00"
"numbers",2008,"717.50"
"numbers",2009,"1068.50"
"numbers",2010,"268.75"
"numbers",2011,"222.50"
"numbers",2012,"3788.17"
"numbers",2013,"690.71"
"numbers",2014,"3758.50"
"numbers",2015,"3393.57"
"numbers",2016,"1147.25"
"numbers",2017,"2291.83"
"numbers",2018,"4733.89"
"numbers",2019,"1212.50"
"numbers",2020,"584.40"
"numbers",2021,"644.00"
"pike_and_shot",1973,"257.00"
"pike_and_shot",1976,"441.50"
"pike_and_shot",1978,"753.00"
"pike_and_shot",1983,"51.00"
"pike_and_shot",1984,"381.00"
"pike_and_shot",1985,"390.00"
"pike_and_shot",1992,"112.00"
"pike_and_shot",1993,"596.00"
"pike_and_shot",1995,"293.67"
"pike_and_shot",1996,"223.00"
"pike_and_shot",2001,"1378.00"
"pike_and_shot",2003,"781.00"
"pike_and_shot",2005,"955.00"
"pike_and_shot",2006,"954.00"
"pike_and_shot",2010,"999.00"
"pike_and_shot",2012,"536.50"
"pike_and_shot",2014,"526.50"
"pike_and_shot",2015,"213.00"
"pike_and_shot",2016,"199.00"
"pike_and_shot",2017,"134.00"
"pike_and_shot",2019,"169.00"
"pirates",1959,"288.00"
"pirates",1960,"81.00"
"pirates",1986,"147.00"
"pirates",1990,"49.00"
"pirates",1992,"407.00"
"pirates",1996,"218.50"
"pirates",2000,"328.50"
"pirates",2001,"133.00"
"pirates",2002,"1313.50"
"pirates",2003,"148.00"
"pirates",2004,"256.67"
"pirates",2005,"302.75"
"pirates",2006,"765.22"
"pirates",2007,"438.00"
"pirates",2008,"437.86"
"pirates",2009,"610.40"
"pirates",2010,"314.25"
"pirates",2011,"2237.67"
"pirates",2012,"2452.63"
"pirates",2013,"955.00"
"pirates",2014,"573.86"
"pirates",2015,"1012.94"
"pirates",2016,"838.58"
"pirates",2017,"1202.27"
"pirates",2018,"303.33"
"pirates",2019,"327.50"
"pirates",2020,"169.00"
"pirates",2021,"464.50"
"political",1967,"918.00"
"political",1968,"83.00"
"political",1971,"473.00"
"political",1972,"151.00"
"political",1975,"370.00"
"political",1978,"497.00"
"political",1979,"159.00"
"political",1980,"109.00"
"political",1981,"91.00"
"political",1983,"147.50"
"political",1986,"4021.00"
"political",1987,"139.00"
"political",1988,"371.00"
"political",1990,"4069.00"
"political",1991,"228.00"
"political",1992,"646.33"
"political",1994,"295.00"
"political",1995,"185.00"
"political",1996,"123.00"
"political",1997,"489.00"
"political",1998,"1272.75"
"political",2000,"5041.50"
"political",2001,"780.00"
"political",2003,"1597.00"
"political",2004,"318.00"
"political",2005,"158.00"
"political",2006,"78.00"
"political",2007,"7859.50"
"political",2008,"444.00"
"political",2009,"2708.67"
"political",2010,"1120.00"
"political",2012,"9786.86"
"political",2013,"274.67"
"political",2014,"3089.75"
"political",2015,"153.20"
"political",2016,"377.13"
"political",2017,"1136.29"
"political",2018,"597.67"
"political",2019,"2344.88"
"political",2020,"122.50"
"political",2021,"482.00"
"post_napoleonic",1824,"82.00"
"post_napoleonic",1959,"20885.00"
"post_napoleonic",1961,"528.50"
"post_napoleonic",1972,"229.00"
"post_napoleonic",1973,"217.00"
"post_napoleonic",1975,"163.50"
"post_napoleonic",1976,"1007.00"
"post_napoleonic",1977,"831.50"
"post_napoleonic",1978,"579.50"
"post_napoleonic",1979,"261.00"
"post_napoleonic",1981,"467.00"
"post_napoleonic",1982,"202.50"
"post_napoleonic",1983,"534.00"
"post_napoleonic",1984,"336.67"
"post_napoleonic",1985,"1541.00"
"post_napoleonic",1986,"322.00"
"post_napoleonic",1988,"479.00"
"post_napoleonic",1989,"274.25"
"post_napoleonic",1991,"470.00"
"post_napoleonic",1992,"501.00"
"post_napoleonic",1993,"324.75"
"post_napoleonic",1994,"467.80"
"post_napoleonic",1995,"295.00"
"post_napoleonic",1996,"299.80"
"post_napoleonic",1997,"290.20"
"post_napoleonic",1998,"2259.00"
"post_napoleonic",2000,"397.00"
"post_napoleonic",2001,"3889.00"
"post_napoleonic",2003,"169.50"
"post_napoleonic",2004,"371.33"
"post_napoleonic",2005,"316.00"
"post_napoleonic",2006,"165.00"
"post_napoleonic",2007,"740.75"
"post_napoleonic",2008,"363.33"
"post_napoleonic",2009,"1367.50"
"post_napoleonic",2010,"4729.00"
"post_napoleonic",2011,"4269.40"
"post_napoleonic",2012,"175.50"
"post_napoleonic",2013,"1043.50"
"post_napoleonic",2015,"3247.25"
"post_napoleonic",2016,"1054.71"
"post_napoleonic",2017,"2626.00"
"post_napoleonic",2018,"1801.38"
"post_napoleonic",2019,"852.75"
"post_napoleonic",2020,"462.50"
"post_napoleonic",2021,"94.00"
"prehistoric",1978,"474.00"
"prehistoric",1987,"213.50"
"prehistoric",1991,"392.00"
"prehistoric",1993,"217.50"
"prehistoric",1996,"728.00"
"prehistoric",1997,"2748.00"
"prehistoric",1998,"176.50"
"prehistoric",2000,"358.00"
"prehistoric",2001,"1175.00"
"prehistoric",2002,"4162.20"
"prehistoric",2003,"1904.00"
"prehistoric",2004,"58.00"
"prehistoric",2005,"129.00"
"prehistoric",2006,"556.00"
"prehistoric",2007,"386.00"
"prehistoric",2009,"1476.50"
"prehistoric",2010,"873.00"
"prehistoric",2011,"1511.00"
"prehistoric",2012,"1034.67"
"prehistoric",2013,"1028.50"
"prehistoric",2014,"456.33"
"prehistoric",2015,"866.00"
"prehistoric",2016,"2398.50"
"prehistoric",2017,"290.00"
"prehistoric",2018,"918.86"
"prehistoric",2019,"363.33"
"prehistoric",2020,"1975.20"
"prehistoric",2021,"782.00"
"racing",500,"224.00"
"racing",1884,"515.00"
"racing",1906,"846.00"
"racing",1929,"127.00"
"racing",1945,"244.00"
"racing",1949,"6153.00"
"racing",1952,"317.00"
"racing",1954,"15697.00"
"racing",1955,"106.00"
"racing",1960,"1096.50"
"racing",1961,"251.00"
"racing",1962,"1071.00"
"racing",1963,"1118.00"
"racing",1965,"2746.50"
"racing",1970,"125.25"
"racing",1971,"2234.00"
"racing",1973,"630.25"
"racing",1975,"192.67"
"racing",1976,"157.00"
"racing",1978,"145.00"
"racing",1979,"1579.33"
"racing",1980,"109.50"
"racing",1981,"116.67"
"racing",1982,"122.67"
"racing",1983,"108.00"
"racing",1984,"266.00"
"racing",1985,"515.75"
"racing",1986,"227.67"
"racing",1988,"113.67"
"racing",1989,"169.00"
"racing",1990,"587.00"
"racing",1991,"257.86"
"racing",1992,"206.20"
"racing",1993,"215.00"
"racing",1994,"256.33"
"racing",1995,"1822.50"
"racing",1996,"727.00"
"racing",1997,"2098.25"
"racing",1998,"231.78"
"racing",1999,"743.00"
"racing",2000,"499.42"
"racing",2001,"188.33"
"racing",2002,"342.83"
"racing",2003,"629.86"
"racing",2004,"132.57"
"racing",2005,"246.64"
"racing",2006,"249.75"
"racing",2007,"245.14"
"racing",2008,"2535.33"
"racing",2009,"570.33"
"racing",2010,"242.14"
"racing",2011,"178.23"
"racing",2012,"358.92"
"racing",2013,"359.75"
"racing",2014,"556.54"
"racing",2015,"500.00"
"racing",2016,"1525.50"
"racing",2017,"1717.20"
"racing",2018,"280.40"
"racing",2019,"142.75"
"racing",2020,"1109.00"
"racing",2021,"1407.00"
"religious",-3500,"1411.00"
"religious",1500,"156.00"
"religious",1973,"518.00"
"religious",1980,"319.00"
"religious",1984,"199.00"
"religious",1987,"106.00"
"religious",1989,"189.00"
"religious",1993,"388.00"
"religious",1995,"482.00"
"religious",1996,"71.00"
"religious",2000,"110.00"
"religious",2001,"161.00"
"religious",2004,"77.00"
"religious",2005,"39.00"
"religious",2007,"208.00"
"religious",2008,"118.00"
"religious",2010,"1588.00"
"religious",2012,"357.00"
"religious",2013,"613.00"
"religious",2015,"99.00"
"religious",2016,"625.00"
"religious",2017,"275.50"
"religious",2018,"119.00"
"religious",2019,"640.00"
"religious",2020,"132.50"
"religious",2021,"1159.00"
"renaissance",1971,"271.00"
"renaissance",1977,"1232.50"
"renaissance",1978,"337.00"
"renaissance",1979,"185.00"
"renaissance",1986,"437.50"
"renaissance",1990,"902.00"
"renaissance",1991,"178.00"
"renaissance",1992,"190.00"
"renaissance",1993,"384.50"
"renaissance",1994,"1478.00"
"renaissance",1995,"7969.50"
"renaissance",1997,"269.50"
"renaissance",1999,"954.00"
"renaissance",2000,"8085.00"
"renaissance",2001,"4064.00"
"renaissance",2002,"1029.67"
"renaissance",2003,"478.25"
"renaissance",2004,"776.71"
"renaissance",2005,"2087.00"
"renaissance",2006,"1761.20"
"renaissance",2007,"209.00"
"renaissance",2008,"567.60"
"renaissance",2009,"1848.33"
"renaissance",2010,"3505.17"
"renaissance",2011,"1000.80"
"renaissance",2012,"17483.50"
"renaissance",2013,"2082.00"
"renaissance",2014,"1032.17"
"renaissance",2015,"2857.00"
"renaissance",2016,"3046.89"
"renaissance",2017,"7682.29"
"renaissance",2018,"4680.70"
"renaissance",2019,"3190.60"
"renaissance",2020,"893.50"
"renaissance",2021,"725.43"
"science_fiction",1700,"288.00"
"science_fiction",1934,"190.00"
"science_fiction",1967,"509.00"
"science_fiction",1969,"189.50"
"science_fiction",1972,"959.00"
"science_fiction",1973,"388.50"
"science_fiction",1974,"617.50"
"science_fiction",1975,"335.00"
"science_fiction",1976,"1571.67"
"science_fiction",1977,"938.11"
"science_fiction",1978,"344.67"
"science_fiction",1979,"706.00"
"science_fiction",1980,"280.42"
"science_fiction",1981,"372.89"
"science_fiction",1982,"516.33"
"science_fiction",1983,"331.54"
"science_fiction",1984,"276.75"
"science_fiction",1985,"200.00"
"science_fiction",1986,"1033.00"
"science_fiction",1987,"1371.64"
"science_fiction",1988,"776.00"
"science_fiction",1989,"544.33"
"science_fiction",1990,"1217.43"
"science_fiction",1991,"422.17"
"science_fiction",1992,"557.55"
"science_fiction",1993,"544.20"
"science_fiction",1994,"3638.67"
"science_fiction",1995,"812.71"
"science_fiction",1996,"868.00"
"science_fiction",1997,"444.00"
"science_fiction",1998,"899.17"
"science_fiction",1999,"1301.15"
"science_fiction",2000,"1074.73"
"science_fiction",2001,"1751.53"
"science_fiction",2002,"554.55"
"science_fiction",2003,"764.00"
"science_fiction",2004,"426.75"
"science_fiction",2005,"2052.83"
"science_fiction",2006,"617.59"
"science_fiction",2007,"644.00"
"science_fiction",2008,"6203.24"
"science_fiction",2009,"2832.54"
"science_fiction",2010,"1532.85"
"science_fiction",2011,"2660.82"
"science_fiction",2012,"3388.05"
"science_fiction",2013,"1405.14"
"science_fiction",2014,"956.58"
"science_fiction",2015,"2267.97"
"science_fiction",2016,"1363.95"
"science_fiction",2017,"1474.29"
"science_fiction",2018,"1317.68"
"science_fiction",2019,"1695.78"
"science_fiction",2020,"1608.73"
"science_fiction",2021,"944.65"
"space_exploration",1819,"61.00"
"space_exploration",1984,"583.00"
"space_exploration",1988,"482.00"
"space_exploration",1989,"399.00"
"space_exploration",2004,"128.00"
"space_exploration",2005,"302.00"
"space_exploration",2009,"1348.00"
"space_exploration",2010,"148.00"
"space_exploration",2011,"80.00"
"space_exploration",2013,"240.67"
"space_exploration",2014,"228.00"
"space_exploration",2015,"443.00"
"space_exploration",2016,"362.00"
"space_exploration",2017,"510.88"
"space_exploration",2018,"507.33"
"space_exploration",2019,"316.33"
"space_exploration",2020,"818.14"
"space_exploration",2021,"622.67"
"spies_secret_agents",1965,"385.00"
"spies_secret_agents",1973,"629.67"
"spies_secret_agents",1975,"157.00"
"spies_secret_agents",1980,"116.50"
"spies_secret_agents",1981,"1298.50"
"spies_secret_agents",1984,"5446.00"
"spies_secret_agents",1986,"2434.00"
"spies_secret_agents",1987,"504.00"
"spies_secret_agents",1988,"2998.00"
"spies_secret_agents",1990,"391.00"
"spies_secret_agents",1992,"2285.00"
"spies_secret_agents",1996,"2421.00"
"spies_secret_agents",1997,"405.00"
"spies_secret_agents",2001,"110.00"
"spies_secret_agents",2003,"1536.00"
"spies_secret_agents",2004,"709.80"
"spies_secret_agents",2005,"441.50"
"spies_secret_agents",2007,"346.50"
"spies_secret_agents",2009,"681.00"
"spies_secret_agents",2010,"724.00"
"spies_secret_agents",2011,"447.67"
"spies_secret_agents",2012,"318.25"
"spies_secret_agents",2013,"2688.40"
"spies_secret_agents",2014,"5589.33"
"spies_secret_agents",2015,"15263.00"
"spies_secret_agents",2016,"5505.90"
"spies_secret_agents",2017,"5382.20"
"spies_secret_agents",2018,"3400.25"
"spies_secret_agents",2019,"540.67"
"spies_secret_agents",2020,"1622.67"
"spies_secret_agents",2021,"735.67"
"sports",1783,"183.00"
"sports",1910,"45.00"
"sports",1911,"73.00"
"sports",1932,"278.00"
"sports",1938,"161.00"
"sports",1940,"344.00"
"sports",1941,"201.00"
"sports",1942,"70.00"
"sports",1947,"2040.00"
"sports",1948,"226.00"
"sports",1949,"77.00"
"sports",1951,"481.00"
"sports",1952,"243.00"
"sports",1955,"51.00"
"sports",1958,"279.00"
"sports",1959,"860.00"
"sports",1960,"324.00"
"sports",1962,"593.50"
"sports",1965,"66.50"
"sports",1966,"504.00"
"sports",1967,"143.50"
"sports",1968,"323.25"
"sports",1969,"632.50"
"sports",1970,"262.00"
"sports",1971,"414.60"
"sports",1972,"407.33"
"sports",1973,"318.00"
"sports",1974,"184.00"
"sports",1975,"304.00"
"sports",1976,"60.00"
"sports",1977,"111.00"
"sports",1978,"564.00"
"sports",1979,"66.00"
"sports",1980,"71.50"
"sports",1981,"312.00"
"sports",1982,"585.67"
"sports",1983,"185.50"
"sports",1984,"116.00"
"sports",1985,"162.20"
"sports",1986,"104.00"
"sports",1987,"115.00"
"sports",1988,"314.00"
"sports",1989,"139.50"
"sports",1990,"85.00"
"sports",1991,"190.00"
"sports",1992,"63.00"
"sports",1993,"531.40"
"sports",1994,"137.50"
"sports",1995,"127.57"
"sports",1996,"123.00"
"sports",1997,"419.00"
"sports",1998,"564.00"
"sports",1999,"635.67"
"sports",2000,"240.90"
"sports",2001,"160.83"
"sports",2002,"479.50"
"sports",2003,"321.80"
"sports",2004,"366.67"
"sports",2005,"349.80"
"sports",2006,"455.10"
"sports",2007,"107.67"
"sports",2008,"141.83"
"sports",2009,"13742.50"
"sports",2010,"912.23"
"sports",2011,"382.67"
"sports",2012,"232.60"
"sports",2013,"393.67"
"sports",2014,"435.55"
"sports",2015,"1271.25"
"sports",2016,"323.33"
"sports",2017,"320.25"
"sports",2018,"349.00"
"sports",2019,"124.40"
"sports",2020,"223.71"
"sports",2021,"194.20"
"trains",1958,"254.00"
"trains",1972,"566.00"
"trains",1979,"1239.50"
"trains",1981,"127.00"
"trains",1985,"146.00"
"trains",1987,"193.00"
"trains",1989,"100.00"
"trains",1990,"1205.00"
"trains",1992,"305.00"
"trains",1993,"1002.00"
"trains",1994,"1946.50"
"trains",1996,"98.50"
"trains",1997,"3772.50"
"trains",1998,"144.67"
"trains",1999,"150.00"
"trains",2000,"151.50"
"trains",2001,"2045.50"
"trains",2002,"341.00"
"trains",2003,"106.00"
"trains",2004,"35168.00"
"trains",2005,"18932.60"
"trains",2006,"81.00"
"trains",2007,"9535.00"
"trains",2008,"6270.00"
"trains",2009,"1256.60"
"trains",2010,"904.50"
"trains",2011,"425.33"
"trains",2012,"1487.00"
"trains",2013,"600.00"
"trains",2014,"614.80"
"trains",2015,"2641.00"
"trains",2016,"4747.40"
"trains",2017,"1047.67"
"trains",2018,"5105.00"
"trains",2019,"1816.57"
"trains",2020,"972.33"
"trains",2021,"1800.20"
"transportation",1938,"137.00"
"transportation",1950,"173.00"
"transportation",1960,"74.00"
"transportation",1969,"784.50"
"transportation",1970,"189.00"
"transportation",1971,"161.00"
"transportation",1972,"75.00"
"transportation",1975,"536.33"
"transportation",1976,"95.00"
"transportation",1977,"87.00"
"transportation",1978,"232.00"
"transportation",1979,"637.00"
"transportation",1981,"894.00"
"transportation",1982,"205.00"
"transportation",1984,"273.00"
"transportation",1985,"895.00"
"transportation",1986,"73.00"
"transportation",1987,"317.00"
"transportation",1988,"418.00"
"transportation",1993,"499.00"
"transportation",1995,"1391.00"
"transportation",1996,"754.00"
"transportation",1997,"3005.50"
"transportation",1999,"1630.50"
"transportation",2000,"353.00"
"transportation",2001,"826.67"
"transportation",2002,"476.00"
"transportation",2003,"743.33"
"transportation",2004,"1210.25"
"transportation",2005,"6287.00"
"transportation",2006,"4725.25"
"transportation",2007,"5881.17"
"transportation",2008,"1007.00"
"transportation",2009,"522.71"
"transportation",2010,"648.80"
"transportation",2011,"503.29"
"transportation",2012,"2400.38"
"transportation",2013,"1610.50"
"transportation",2014,"1864.54"
"transportation",2015,"806.45"
"transportation",2016,"4678.29"
"transportation",2017,"2283.17"
"transportation",2018,"871.18"
"transportation",2019,"856.50"
"transportation",2020,"898.29"
"transportation",2021,"365.11"
"travel",1930,"373.00"
"travel",1935,"329.50"
"travel",1950,"361.00"
"travel",1954,"542.50"
"travel",1961,"277.00"
"travel",1973,"173.00"
"travel",1976,"150.00"
"travel",1983,"24773.00"
"travel",1984,"288.00"
"travel",1986,"116.67"
"travel",1987,"122.00"
"travel",1988,"80.00"
"travel",1989,"220.00"
"travel",1990,"635.00"
"travel",1993,"203.00"
"travel",1994,"244.50"
"travel",2001,"480.00"
"travel",2002,"2393.00"
"travel",2003,"2811.33"
"travel",2004,"268.60"
"travel",2005,"65.00"
"travel",2006,"263.00"
"travel",2007,"498.50"
"travel",2008,"463.50"
"travel",2009,"197.00"
"travel",2010,"400.83"
"travel",2012,"8327.00"
"travel",2013,"920.00"
"travel",2014,"2324.20"
"travel",2015,"1273.20"
"travel",2016,"124.00"
"travel",2017,"232.75"
"travel",2018,"187.40"
"travel",2019,"1074.83"
"travel",2020,"1855.67"
"travel",2021,"1325.67"
"trivia",1910,"93.00"
"trivia",1933,"683.00"
"trivia",1936,"649.00"
"trivia",1964,"2121.00"
"trivia",1966,"457.00"
"trivia",1971,"884.00"
"trivia",1975,"150.00"
"trivia",1979,"150.00"
"trivia",1981,"5124.50"
"trivia",1982,"141.50"
"trivia",1983,"192.00"
"trivia",1984,"255.40"
"trivia",1985,"166.60"
"trivia",1986,"965.80"
"trivia",1987,"289.00"
"trivia",1988,"466.83"
"trivia",1989,"1020.83"
"trivia",1990,"242.33"
"trivia",1991,"823.33"
"trivia",1992,"388.40"
"trivia",1993,"549.20"
"trivia",1994,"197.50"
"trivia",1995,"269.00"
"trivia",1996,"930.60"
"trivia",1997,"748.40"
"trivia",1998,"1834.40"
"trivia",1999,"529.00"
"trivia",2000,"278.22"
"trivia",2001,"627.50"
"trivia",2002,"712.00"
"trivia",2003,"251.09"
"trivia",2004,"457.88"
"trivia",2005,"1993.55"
"trivia",2006,"163.47"
"trivia",2007,"710.71"
"trivia",2008,"251.00"
"trivia",2009,"355.20"
"trivia",2010,"1440.36"
"trivia",2011,"1598.45"
"trivia",2012,"1869.27"
"trivia",2013,"895.38"
"trivia",2014,"952.00"
"trivia",2015,"508.31"
"trivia",2016,"470.00"
"trivia",2017,"343.20"
"trivia",2018,"355.91"
"trivia",2019,"380.60"
"trivia",2020,"575.50"
"trivia",2021,"135.00"
"video_game",1500,"12102.00"
"video_game",1981,"286.50"
"video_game",1982,"942.00"
"video_game",1983,"168.50"
"video_game",1988,"159.00"
"video_game",1989,"176.00"
"video_game",1994,"856.00"
"video_game",1998,"258.00"
"video_game",1999,"123.00"
"video_game",2001,"113.00"
"video_game",2003,"130.00"
"video_game",2004,"185.00"
"video_game",2006,"219.00"
"video_game",2007,"412.00"
"video_game",2008,"584.67"
"video_game",2009,"125.00"
"video_game",2011,"594.00"
"video_game",2012,"192.50"
"video_game",2013,"637.75"
"video_game",2014,"386.14"
"video_game",2015,"1530.00"
"video_game",2016,"685.50"
"video_game",2017,"578.40"
"video_game",2018,"1108.17"
"video_game",2019,"1157.67"
"video_game",2020,"1151.25"
"video_game",2021,"313.25"
"vietnam_war",1979,"135.00"
"vietnam_war",1982,"367.00"
"vietnam_war",1990,"443.00"
"vietnam_war",1992,"481.00"
"vietnam_war",1999,"174.00"
"vietnam_war",2003,"959.00"
"vietnam_war",2006,"333.50"
"vietnam_war",2007,"277.00"
"vietnam_war",2011,"261.00"
"vietnam_war",2012,"536.00"
"vietnam_war",2013,"265.00"
"vietnam_war",2015,"319.00"
"vietnam_war",2016,"1284.00"
"vietnam_war",2020,"178.00"
"world_war_I",1968,"821.00"
"world_war_I",1969,"82.00"
"world_war_I",1972,"208.75"
"world_war_I",1974,"122.00"
"world_war_I",1975,"1094.00"
"world_war_I",1976,"183.00"
"world_war_I",1978,"571.33"
"world_war_I",1980,"779.00"
"world_war_I",1981,"897.50"
"world_war_I",1982,"148.50"
"world_war_I",1984,"318.00"
"world_war_I",1986,"314.00"
"world_war_I",1990,"252.00"
"world_war_I",1992,"638.00"
"world_war_I",1993,"550.00"
"world_war_I",1994,"306.00"
"world_war_I",1995,"193.50"
"world_war_I",1996,"341.00"
"world_war_I",1997,"200.86"
"world_war_I",1998,"159.00"
"world_war_I",1999,"1968.60"
"world_war_I",2000,"283.25"
"world_war_I",2001,"617.00"
"world_war_I",2002,"229.00"
"world_war_I",2003,"369.50"
"world_war_I",2004,"494.83"
"world_war_I",2005,"279.00"
"world_war_I",2006,"488.00"
"world_war_I",2007,"502.60"
"world_war_I",2008,"497.50"
"world_war_I",2009,"304.20"
"world_war_I",2010,"355.67"
"world_war_I",2011,"401.40"
"world_war_I",2012,"278.80"
"world_war_I",2013,"454.33"
"world_war_I",2014,"603.33"
"world_war_I",2015,"2498.50"
"world_war_I",2016,"583.33"
"world_war_I",2017,"612.25"
"world_war_I",2018,"700.50"
"world_war_I",2019,"239.75"
"world_war_I",2020,"476.00"
"world_war_I",2021,"120.00"
"world_war_II",1925,"125.00"
"world_war_II",1961,"831.00"
"world_war_II",1963,"1135.00"
"world_war_II",1964,"2201.00"
"world_war_II",1965,"1108.33"
"world_war_II",1966,"485.00"
"world_war_II",1969,"655.25"
"world_war_II",1970,"2125.50"
"world_war_II",1971,"484.80"
"world_war_II",1972,"434.29"
"world_war_II",1973,"365.46"
"world_war_II",1974,"1931.00"
"world_war_II",1975,"430.31"
"world_war_II",1976,"357.75"
"world_war_II",1977,"1599.83"
"world_war_II",1978,"673.30"
"world_war_II",1979,"388.37"
"world_war_II",1980,"364.08"
"world_war_II",1981,"634.18"
"world_war_II",1982,"344.17"
"world_war_II",1983,"539.21"
"world_war_II",1984,"323.83"
"world_war_II",1985,"659.14"
"world_war_II",1986,"418.22"
"world_war_II",1987,"723.33"
"world_war_II",1988,"430.25"
"world_war_II",1989,"529.38"
"world_war_II",1990,"341.50"
"world_war_II",1991,"452.67"
"world_war_II",1992,"453.38"
"world_war_II",1993,"375.18"
"world_war_II",1994,"386.81"
"world_war_II",1995,"380.63"
"world_war_II",1996,"369.82"
"world_war_II",1997,"278.80"
"world_war_II",1998,"353.53"
"world_war_II",1999,"652.38"
"world_war_II",2000,"432.30"
"world_war_II",2001,"519.88"
"world_war_II",2002,"638.85"
"world_war_II",2003,"602.85"
"world_war_II",2004,"1916.32"
"world_war_II",2005,"589.37"
"world_war_II",2006,"973.59"
"world_war_II",2007,"1035.37"
"world_war_II",2008,"967.26"
"world_war_II",2009,"642.50"
"world_war_II",2010,"429.36"
"world_war_II",2011,"575.84"
"world_war_II",2012,"808.45"
"world_war_II",2013,"618.33"
"world_war_II",2014,"825.64"
"world_war_II",2015,"626.00"
"world_war_II",2016,"500.82"
"world_war_II",2017,"388.29"
"world_war_II",2018,"794.12"
"world_war_II",2019,"1204.68"
"world_war_II",2020,"495.33"
"world_war_II",2021,"247.20"
"zombies",1996,"3615.00"
"zombies",1998,"3385.00"
"zombies",2007,"12922.00"
"zombies",2009,"135.50"
"zombies",2011,"384.57"
"zombies",2012,"127.50"
"zombies",2013,"501.38"
"zombies",2014,"548.75"
"zombies",2015,"190.29"
"zombies",2016,"242.00"
"zombies",2017,"370.50"
"zombies",2018,"727.50"
"zombies",2019,"285.50"
"zombies",2020,"806.67"
"zombies",2021,"115.00"
